{"cameraMode":{"drawMode":0,"name":"Shaded","section":"Shading Mode"},"sceneLighting":false,"audioPlay":false,"sceneViewState":{"m_AlwaysRefresh":false,"showFog":true,"showSkybox":false,"showFlares":true,"showImageEffects":true,"showParticleSystems":true,"showVisualEffectGraphs":true,"m_FxEnabled":true},"in2DMode":false,"pivot":{"x":10.913490295410157,"y":0.03862476348876953,"z":24.12673568725586},"rotation":{"x":0.08269958943128586,"y":0.5249363780021668,"z":-0.05134311690926552,"w":0.8455245494842529},"size":9.093271255493164,"orthographic":false}