{"cameraMode":{"drawMode":0,"name":"Shaded","section":"Shading Mode"},"sceneLighting":false,"audioPlay":false,"sceneViewState":{"m_AlwaysRefresh":false,"showFog":true,"showSkybox":false,"showFlares":true,"showImageEffects":true,"showParticleSystems":true,"showVisualEffectGraphs":true,"m_FxEnabled":true},"in2DMode":false,"pivot":{"x":-0.03256380185484886,"y":1.4139795303344727,"z":-1.0970218181610108},"rotation":{"x":0.7180207371711731,"y":0.005637418013066053,"z":-0.005819465033710003,"w":0.6959594488143921},"size":2.3353731632232668,"orthographic":false}