{"cameraMode":{"drawMode":0,"name":"Shaded","section":"Shading Mode"},"sceneLighting":true,"audioPlay":false,"sceneViewState":{"m_AlwaysRefresh":false,"showFog":true,"showSkybox":true,"showFlares":true,"showImageEffects":true,"showParticleSystems":true,"showVisualEffectGraphs":true,"m_FxEnabled":true},"in2DMode":false,"pivot":{"x":25.095510482788087,"y":4.1711812019348148,"z":-20.752763748168947},"rotation":{"x":0.0003097619046457112,"y":-0.03118234872817993,"z":0.00000837695461086696,"w":0.99948650598526},"size":2.7311878204345705,"orthographic":false}