{"cameraMode":{"drawMode":0,"name":"Shaded","section":"Shading Mode"},"sceneLighting":true,"audioPlay":false,"sceneViewState":{"m_AlwaysRefresh":false,"showFog":true,"showSkybox":true,"showFlares":true,"showImageEffects":true,"showParticleSystems":true,"showVisualEffectGraphs":true,"m_FxEnabled":true},"in2DMode":false,"pivot":{"x":-0.5069286227226257,"y":2.250925064086914,"z":-3.4787495136260988},"rotation":{"x":0.1783820390701294,"y":0.024496490135788919,"z":-0.004441768862307072,"w":0.9836322069168091},"size":1.299038052558899,"orthographic":false}