{"cameraMode":{"drawMode":0,"name":"Shaded","section":"Shading Mode"},"sceneLighting":false,"audioPlay":false,"sceneViewState":{"m_AlwaysRefresh":false,"showFog":true,"showSkybox":false,"showFlares":true,"showImageEffects":true,"showParticleSystems":true,"showVisualEffectGraphs":true,"m_FxEnabled":true},"in2DMode":false,"pivot":{"x":8.606167793273926,"y":2.2661540508270265,"z":16.7406005859375},"rotation":{"x":0.03740948438644409,"y":-0.06530291587114334,"z":0.0024468640331178905,"w":0.997148871421814},"size":2.8945953845977785,"orthographic":false}