{"cameraMode":{"drawMode":0,"name":"Shaded","section":"Shading Mode"},"sceneLighting":true,"audioPlay":false,"sceneViewState":{"m_AlwaysRefresh":false,"showFog":true,"showSkybox":true,"showFlares":true,"showImageEffects":true,"showParticleSystems":true,"showVisualEffectGraphs":true,"m_FxEnabled":true},"in2DMode":false,"pivot":{"x":-17.77027702331543,"y":8.151178359985352,"z":221.6635284423828},"rotation":{"x":0.0067506819032132629,"y":0.9642624258995056,"z":-0.024908076971769334,"w":0.2634184658527374},"size":1.3460830450057984,"orthographic":false}